policy,primary_estimator,secondary_estimator,policy_value_dr,policy_value_dr_ci_low,policy_value_dr_ci_high,policy_value_ips,policy_value_plugin,policy_value_fqe,ips_gap_vs_dr,plugin_gap_vs_dr,fqe_gap_vs_dr
non_causal_fqi,policy_value_dr,policy_value_ips,-4.456632596899403,-4.635994437697582,-4.280429637711648,-4.174302135185494,-4.843914131650711,-15.243227232504962,0.28233046171390885,-0.3872815347513079,-10.78659463560556
heuristic_risk_rule,policy_value_dr,policy_value_ips,-4.63770390236778,-4.786996540471441,-4.4996588492801655,-4.754386215580871,-4.806007237396388,-14.88983738757827,-0.11668231321309097,-0.16830333502860828,-10.25213348521049
causal_no_vehicle_id_fqi,policy_value_dr,policy_value_ips,-4.670348275548825,-4.846986011227725,-4.4864652466205515,-4.263002501600034,-4.833723390339196,-14.711278211620854,0.40734577394879157,-0.16337511479037037,-10.040929936072029
causal_no_history_fqi,policy_value_dr,policy_value_ips,-4.686701593289249,-4.862471551008446,-4.501942391128828,-4.286738200150216,-4.832476711415687,-14.66563208613114,0.39996339313903295,-0.14577511812643795,-9.97893049284189
never_eco,policy_value_dr,policy_value_ips,-4.692417954637326,-4.890973358244752,-4.517375847320646,-4.691244035616366,-4.773783473981008,-14.72228356392673,0.0011739190209603123,-0.08136551934368175,-10.029865609289404
causal_fqi,policy_value_dr,policy_value_ips,-4.694092081085524,-4.88560617494938,-4.529860285470859,-4.288815809850753,-4.831580129800899,-14.677003670086565,0.4052762712347704,-0.13748804871537512,-9.982911589001041
logged_behavior,policy_value_dr,policy_value_ips,-4.82581953473445,-5.055305925551822,-4.577199240669998,-4.8701647844383045,-4.937245783922881,-15.126198813511959,-0.04434524970385478,-0.11142624918843147,-10.300379278777509
always_eco,policy_value_dr,policy_value_ips,-5.061007948717759,-5.2209910394286805,-4.914050238562683,-5.065859585642068,-5.091068678562508,-17.096925071497232,-0.004851636924309233,-0.030060729844749723,-12.035917122779473
