policy,policy_value_plugin,policy_value_ips,policy_value_dr,policy_value_fqe,estimated_lateness_min,estimated_co2_kg,estimated_on_time,eco_rate,fallback_rate
non_causal_fqi,-4.93192131770905,-4.362683158341728,-4.519162568409257,-15.24637023264186,2.0010683862719945,3.7314692628470865,0.8176526131060068,0.5023141654978962,0.2709677419354839
heuristic_risk_rule,-4.886706468147739,-4.754386215580871,-4.627682269550013,-14.88983738757827,1.9655050682637265,3.7118849454643983,0.8170522458713028,0.6,0.0
causal_fqi,-4.913661961037726,-4.416199600959478,-4.6529316998101296,-14.66522255235856,1.9825547458888741,3.736031268880585,0.8182286845681652,0.48141654978962134,0.26928471248246844
never_eco,-4.872263386040866,-4.691244035616366,-4.688346655157287,-14.72228356392673,1.8879995412064905,3.8462128412749417,0.821627765575071,0.0,0.0
logged_behavior,-5.013690611128853,-4.8701647844383045,-4.746954064399197,-15.126198813511959,2.0941986143577993,3.715819593573729,0.8159836429898483,0.5740532959326788,0.0
always_eco,-5.1498189946477755,-5.065859585642068,-5.066999178801697,-17.096925071497232,2.2790205611536254,3.618228833199939,0.8114486440600902,1.0,0.0
