policy,reward_name,direct_match_reward,match_rate,policy_value_plugin,policy_value_ips,policy_value_dr,policy_value_fqe,estimated_lateness_min,estimated_co2_kg,estimated_crash,estimated_near_miss,estimated_on_time,eco_rate,fallback_rate,low_support_rate
non_causal_fqi,reward_primary,-4.267158460716194,0.656030855539972,-4.93192131770905,-4.362683158341728,-4.519162568409257,-15.24637023264186,2.0010683862719945,3.7314692628470865,0.10612412477246587,0.5197385150988187,0.8176526131060068,0.5023141654978962,0.2709677419354839,0.0182328190743338
heuristic_risk_rule,reward_primary,-4.349218653846155,0.5105189340813464,-4.886706468147739,-4.754386215580871,-4.627682269550013,-14.88983738757827,1.9655050682637265,3.7118849454643983,0.10589258461739555,0.5195996669329125,0.8170522458713028,0.6,0.0,0.0
causal_fqi,reward_primary,-4.345466086956522,0.6532258064516129,-4.913661961037726,-4.416199600959478,-4.6529316998101296,-14.66522255235856,1.9825547458888741,3.736031268880585,0.10620260670589643,0.5197747495314923,0.8182286845681652,0.48141654978962134,0.26928471248246844,0.01605890603085554
never_eco,reward_primary,-4.756654362858084,0.42594670406732116,-4.872263386040866,-4.691244035616366,-4.688346655157287,-14.72228356392673,1.8879995412064905,3.8462128412749417,0.10741699996994869,0.5211856824100213,0.821627765575071,0.0,0.0,0.0
logged_behavior,reward_primary,-4.870789284712482,1.0,-5.013690611128853,-4.8701647844383045,-4.746954064399197,-15.126198813511959,2.0941986143577993,3.715819593573729,0.10607546179615684,0.5195643164443842,0.8159836429898483,0.5740532959326788,0.0,0.0
always_eco,reward_primary,-4.955477229416077,0.5740532959326788,-5.1498189946477755,-5.065859585642068,-5.066999178801697,-17.096925071497232,2.2790205611536254,3.618228833199939,0.10511568087978226,0.5186227709855359,0.8114486440600902,1.0,0.0,0.0
